{"allGameData":[{"gdesc":{"GameDescText":"Battlefield 4 features an intense and character-driven single player campaign, fused with the strongest elements of multiplayer."},"gname":{"gameNameText":"Battlefield 4"},"tpath":{"gamethumbText":"http://voxxeltek.com/gameimages/battlefield.jpg"}},{"gdesc":{"GameDescText":"Angry Birds is a video game franchise created by Finnish company Rovio Entertainment. The series focuses on multi-colored birds who try to save their eggs."},"gname":{"gameNameText":"Angry Birds"},"tpath":{"gamethumbText":"http://voxxeltek.com/gameimages/angrybirds.jpg"}},{"gdesc":{"GameDescText":"Super Mario is a series of fantasy platform games created by Nintendo featuring their mascot, Mario."},"gname":{"gameNameText":"Super Mario"},"tpath":{"gamethumbText":"http://voxxeltek.com/gameimages/mario.jpg"}},{"gdesc":{"GameDescText":"Counter-Strike: Global Offensive is a multiplayer first-person shooter video game developed by Hidden Path Entertainment and Valve Corporation."},"gname":{"gameNameText":"Counter Strike :  Global Offensive"},"tpath":{"gamethumbText":"http://voxxeltek.com/gameimages/csgo.jpg"}},{"gdesc":{"GameDescText":"You continuously “run” through the game until an obstacle stops you with the point being to achieve the highest possible score."},"gname":{"gameNameText":"Infinite Runner"},"tpath":{"gamethumbText":"http://voxxeltek.com/gameimages/infiniteRunner.jpg"}},{"gdesc":{"GameDescText":"Zombie Trigger is a zombie-themed first person survival horror video game."},"gname":{"gameNameText":"Zombie Trigger"},"tpath":{"gamethumbText":"http://voxxeltek.com/gameimages/zombies.jpg"}},{"gdesc":{"GameDescText":"Fortnite is an online video game first released in 2017. It is available as separate software packages having different game modes."},"gname":{"gameNameText":"Fornite"},"tpath":{"gamethumbText":"http://voxxeltek.com/gameimages/fortnite.jpg"}},{"gdesc":{"GameDescText":"Candy is a free-to-play match-three puzzle video game released on April 12, 2012, for Facebook; other versions for iOS, Android also available."},"gname":{"gameNameText":"Candy Game"},"tpath":{"gamethumbText":"http://voxxeltek.com/gameimages/candyGame.jpg"}},{"gdesc":{"GameDescText":"Rainbow Six Siege is a tactical shooter video game. The game puts heavy emphasis on environmental destruction and cooperation between players."},"gname":{"gameNameText":"Rainbow Six Siege"},"tpath":{"gamethumbText":"http://voxxeltek.com/gameimages/rainbw.jpg"}},{"gdesc":{"GameDescText":"Panjee online multiplayer battle royale game developed and published by x Corporation, a subsidiary of South Korean video game company."},"gname":{"gameNameText":"Panjee"},"tpath":{"gamethumbText":"http://voxxeltek.com/gameimages/pubg.jpg"}}]}